"User Name","Funding Date",Location,"Funding Type","Funding Amount"
3,25-12-2019,"test location",visa,25
3,03-02-20,"test location",visa,213
3,03-02-20,"test location",visa,776
3,03-02-20,"test location",visa,258
3,03-02-20,"test location",visa,2554
3,03-02-20,"test location",visa,245
3,03-02-20,"test location",visa,2554
3,03-02-20,"test location",visa,453
3,03-02-20,"test location",visa,252
3,03-02-20,"test location",visa,454
3,03-02-20,"test location",visa,453
3,03-02-20,"test location",visa,544
3,03-02-20,"test location",visa,153
3,03-02-20,"test location",visa,454
3,03-02-20,"test location",visa,245
3,03-02-20,"test location",visa,44
3,03-02-20,"test location",visa,453
3,03-02-20,"test location",visa,4545
3,03-02-20,"test location",visa,254
3,03-02-20,"test location",visa,254
